Description	
Number of Runs	750
Preset Time	1
Pause Time	0
Alarm Level	0
High Voltage	880
Step Voltage	0
Volume	0

Run	High		Elapsed
Number	Voltage	Counts	Time	Date/Time
1	880	40	1	04/27/26 09:13:21 AM	
2	880	30	1	04/27/26 09:13:22 AM	
3	880	38	1	04/27/26 09:13:24 AM	
4	880	27	1	04/27/26 09:13:25 AM	
5	880	40	1	04/27/26 09:13:26 AM	
6	880	34	1	04/27/26 09:13:27 AM	
7	880	45	1	04/27/26 09:13:28 AM	
8	880	39	1	04/27/26 09:13:29 AM	
9	880	41	1	04/27/26 09:13:31 AM	
10	880	36	1	04/27/26 09:13:32 AM	
11	880	33	1	04/27/26 09:13:33 AM	
12	880	33	1	04/27/26 09:13:34 AM	
13	880	34	1	04/27/26 09:13:35 AM	
14	880	35	1	04/27/26 09:13:36 AM	
15	880	40	1	04/27/26 09:13:38 AM	
16	880	33	1	04/27/26 09:13:39 AM	
17	880	27	1	04/27/26 09:13:40 AM	
18	880	31	1	04/27/26 09:13:41 AM	
19	880	37	1	04/27/26 09:13:42 AM	
20	880	31	1	04/27/26 09:13:44 AM	
21	880	42	1	04/27/26 09:13:45 AM	
22	880	42	1	04/27/26 09:13:46 AM	
23	880	44	1	04/27/26 09:13:47 AM	
24	880	35	1	04/27/26 09:13:48 AM	
25	880	51	1	04/27/26 09:13:49 AM	
26	880	33	1	04/27/26 09:13:51 AM	
27	880	26	1	04/27/26 09:13:52 AM	
28	880	30	1	04/27/26 09:13:53 AM	
29	880	28	1	04/27/26 09:13:54 AM	
30	880	38	1	04/27/26 09:13:55 AM	
31	880	41	1	04/27/26 09:13:56 AM	
32	880	26	1	04/27/26 09:13:57 AM	
33	880	32	1	04/27/26 09:13:59 AM	
34	880	31	1	04/27/26 09:14:00 AM	
35	880	35	1	04/27/26 09:14:01 AM	
36	880	42	1	04/27/26 09:14:02 AM	
37	880	29	1	04/27/26 09:14:03 AM	
38	880	34	1	04/27/26 09:14:05 AM	
39	880	33	1	04/27/26 09:14:06 AM	
40	880	30	1	04/27/26 09:14:07 AM	
41	880	53	1	04/27/26 09:14:08 AM	
42	880	46	1	04/27/26 09:14:09 AM	
43	880	34	1	04/27/26 09:14:11 AM	
44	880	37	1	04/27/26 09:14:12 AM	
45	880	36	1	04/27/26 09:14:13 AM	
46	880	29	1	04/27/26 09:14:14 AM	
47	880	38	1	04/27/26 09:14:15 AM	
48	880	39	1	04/27/26 09:14:16 AM	
49	880	37	1	04/27/26 09:14:18 AM	
50	880	50	1	04/27/26 09:14:19 AM	
51	880	29	1	04/27/26 09:14:20 AM	
52	880	36	1	04/27/26 09:14:21 AM	
53	880	31	1	04/27/26 09:14:22 AM	
54	880	34	1	04/27/26 09:14:24 AM	
55	880	35	1	04/27/26 09:14:25 AM	
56	880	30	1	04/27/26 09:14:26 AM	
57	880	29	1	04/27/26 09:14:27 AM	
58	880	37	1	04/27/26 09:14:28 AM	
59	880	41	1	04/27/26 09:14:29 AM	
60	880	30	1	04/27/26 09:14:31 AM	
61	880	27	1	04/27/26 09:14:32 AM	
62	880	35	1	04/27/26 09:14:33 AM	
63	880	33	1	04/27/26 09:14:34 AM	
64	880	35	1	04/27/26 09:14:35 AM	
65	880	44	1	04/27/26 09:14:37 AM	
66	880	41	1	04/27/26 09:14:38 AM	
67	880	30	1	04/27/26 09:14:39 AM	
68	880	31	1	04/27/26 09:14:40 AM	
69	880	25	1	04/27/26 09:14:41 AM	
70	880	35	1	04/27/26 09:14:42 AM	
71	880	37	1	04/27/26 09:14:44 AM	
72	880	39	1	04/27/26 09:14:45 AM	
73	880	30	1	04/27/26 09:14:46 AM	
74	880	25	1	04/27/26 09:14:47 AM	
75	880	21	1	04/27/26 09:14:48 AM	
76	880	28	1	04/27/26 09:14:50 AM	
77	880	31	1	04/27/26 09:14:51 AM	
78	880	36	1	04/27/26 09:14:52 AM	
79	880	31	1	04/27/26 09:14:53 AM	
80	880	26	1	04/27/26 09:14:54 AM	
81	880	29	1	04/27/26 09:14:56 AM	
82	880	41	1	04/27/26 09:14:57 AM	
83	880	29	1	04/27/26 09:14:58 AM	
84	880	30	1	04/27/26 09:14:59 AM	
85	880	35	1	04/27/26 09:15:00 AM	
86	880	39	1	04/27/26 09:15:02 AM	
87	880	40	1	04/27/26 09:15:03 AM	
88	880	28	1	04/27/26 09:15:04 AM	
89	880	39	1	04/27/26 09:15:05 AM	
90	880	31	1	04/27/26 09:15:06 AM	
91	880	27	1	04/27/26 09:15:07 AM	
92	880	31	1	04/27/26 09:15:09 AM	
93	880	35	1	04/27/26 09:15:10 AM	
94	880	27	1	04/27/26 09:15:11 AM	
95	880	29	1	04/27/26 09:15:12 AM	
96	880	34	1	04/27/26 09:15:13 AM	
97	880	31	1	04/27/26 09:15:14 AM	
98	880	48	1	04/27/26 09:15:16 AM	
99	880	39	1	04/27/26 09:15:17 AM	
100	880	45	1	04/27/26 09:15:18 AM	
101	880	35	1	04/27/26 09:15:19 AM	
102	880	24	1	04/27/26 09:15:20 AM	
103	880	38	1	04/27/26 09:15:21 AM	
104	880	36	1	04/27/26 09:15:23 AM	
105	880	40	1	04/27/26 09:15:24 AM	
106	880	39	1	04/27/26 09:15:25 AM	
107	880	34	1	04/27/26 09:15:26 AM	
108	880	42	1	04/27/26 09:15:27 AM	
109	880	27	1	04/27/26 09:15:28 AM	
110	880	35	1	04/27/26 09:15:30 AM	
111	880	41	1	04/27/26 09:15:31 AM	
112	880	38	1	04/27/26 09:15:32 AM	
113	880	33	1	04/27/26 09:15:33 AM	
114	880	33	1	04/27/26 09:15:34 AM	
115	880	41	1	04/27/26 09:15:35 AM	
116	880	39	1	04/27/26 09:15:36 AM	
117	880	41	1	04/27/26 09:15:38 AM	
118	880	33	1	04/27/26 09:15:39 AM	
119	880	27	1	04/27/26 09:15:40 AM	
120	880	25	1	04/27/26 09:15:41 AM	
121	880	34	1	04/27/26 09:15:42 AM	
122	880	29	1	04/27/26 09:15:43 AM	
123	880	28	1	04/27/26 09:15:45 AM	
124	880	42	1	04/27/26 09:15:46 AM	
125	880	30	1	04/27/26 09:15:47 AM	
126	880	40	1	04/27/26 09:15:48 AM	
127	880	28	1	04/27/26 09:15:49 AM	
128	880	35	1	04/27/26 09:15:50 AM	
129	880	38	1	04/27/26 09:15:52 AM	
130	880	28	1	04/27/26 09:15:53 AM	
131	880	34	1	04/27/26 09:15:54 AM	
132	880	25	1	04/27/26 09:15:55 AM	
133	880	43	1	04/27/26 09:15:56 AM	
134	880	31	1	04/27/26 09:15:57 AM	
135	880	29	1	04/27/26 09:15:59 AM	
136	880	26	1	04/27/26 09:16:00 AM	
137	880	35	1	04/27/26 09:16:01 AM	
138	880	35	1	04/27/26 09:16:02 AM	
139	880	35	1	04/27/26 09:16:03 AM	
140	880	42	1	04/27/26 09:16:04 AM	
141	880	36	1	04/27/26 09:16:06 AM	
142	880	23	1	04/27/26 09:16:07 AM	
143	880	40	1	04/27/26 09:16:08 AM	
144	880	30	1	04/27/26 09:16:09 AM	
145	880	30	1	04/27/26 09:16:10 AM	
146	880	35	1	04/27/26 09:16:11 AM	
147	880	37	1	04/27/26 09:16:13 AM	
148	880	35	1	04/27/26 09:16:14 AM	
149	880	31	1	04/27/26 09:16:15 AM	
150	880	41	1	04/27/26 09:16:16 AM	
151	880	33	1	04/27/26 09:16:17 AM	
152	880	33	1	04/27/26 09:16:18 AM	
153	880	33	1	04/27/26 09:16:20 AM	
154	880	31	1	04/27/26 09:16:21 AM	
155	880	31	1	04/27/26 09:16:22 AM	
156	880	37	1	04/27/26 09:16:23 AM	
157	880	41	1	04/27/26 09:16:24 AM	
158	880	34	1	04/27/26 09:16:25 AM	
159	880	38	1	04/27/26 09:16:27 AM	
160	880	28	1	04/27/26 09:16:28 AM	
161	880	26	1	04/27/26 09:16:29 AM	
162	880	27	1	04/27/26 09:16:30 AM	
163	880	44	1	04/27/26 09:16:31 AM	
164	880	33	1	04/27/26 09:16:33 AM	
165	880	31	1	04/27/26 09:16:34 AM	
166	880	31	1	04/27/26 09:16:35 AM	
167	880	33	1	04/27/26 09:16:36 AM	
168	880	27	1	04/27/26 09:16:37 AM	
169	880	36	1	04/27/26 09:16:39 AM	
170	880	32	1	04/27/26 09:16:40 AM	
171	880	32	1	04/27/26 09:16:41 AM	
172	880	33	1	04/27/26 09:16:42 AM	
173	880	36	1	04/27/26 09:16:43 AM	
174	880	40	1	04/27/26 09:16:44 AM	
175	880	36	1	04/27/26 09:16:46 AM	
176	880	30	1	04/27/26 09:16:47 AM	
177	880	40	1	04/27/26 09:16:48 AM	
178	880	36	1	04/27/26 09:16:49 AM	
179	880	32	1	04/27/26 09:16:50 AM	
180	880	33	1	04/27/26 09:16:52 AM	
181	880	37	1	04/27/26 09:16:53 AM	
182	880	39	1	04/27/26 09:16:54 AM	
183	880	42	1	04/27/26 09:16:55 AM	
184	880	32	1	04/27/26 09:16:56 AM	
185	880	36	1	04/27/26 09:16:57 AM	
186	880	39	1	04/27/26 09:16:59 AM	
187	880	36	1	04/27/26 09:17:00 AM	
188	880	45	1	04/27/26 09:17:01 AM	
189	880	37	1	04/27/26 09:17:02 AM	
190	880	28	1	04/27/26 09:17:03 AM	
191	880	35	1	04/27/26 09:17:05 AM	
192	880	34	1	04/27/26 09:17:06 AM	
193	880	32	1	04/27/26 09:17:07 AM	
194	880	40	1	04/27/26 09:17:08 AM	
195	880	40	1	04/27/26 09:17:09 AM	
196	880	34	1	04/27/26 09:17:10 AM	
197	880	42	1	04/27/26 09:17:12 AM	
198	880	36	1	04/27/26 09:17:13 AM	
199	880	34	1	04/27/26 09:17:14 AM	
200	880	33	1	04/27/26 09:17:15 AM	
201	880	37	1	04/27/26 09:17:16 AM	
202	880	28	1	04/27/26 09:17:18 AM	
203	880	36	1	04/27/26 09:17:19 AM	
204	880	30	1	04/27/26 09:17:20 AM	
205	880	26	1	04/27/26 09:17:21 AM	
206	880	35	1	04/27/26 09:17:22 AM	
207	880	31	1	04/27/26 09:17:23 AM	
208	880	35	1	04/27/26 09:17:25 AM	
209	880	38	1	04/27/26 09:17:26 AM	
210	880	37	1	04/27/26 09:17:27 AM	
211	880	45	1	04/27/26 09:17:28 AM	
212	880	42	1	04/27/26 09:17:29 AM	
213	880	35	1	04/27/26 09:17:31 AM	
214	880	33	1	04/27/26 09:17:32 AM	
215	880	30	1	04/27/26 09:17:33 AM	
216	880	41	1	04/27/26 09:17:34 AM	
217	880	38	1	04/27/26 09:17:35 AM	
218	880	33	1	04/27/26 09:17:37 AM	
219	880	32	1	04/27/26 09:17:38 AM	
220	880	40	1	04/27/26 09:17:39 AM	
221	880	37	1	04/27/26 09:17:40 AM	
222	880	40	1	04/27/26 09:17:41 AM	
223	880	39	1	04/27/26 09:17:42 AM	
224	880	33	1	04/27/26 09:17:44 AM	
225	880	26	1	04/27/26 09:17:45 AM	
226	880	27	1	04/27/26 09:17:46 AM	
227	880	34	1	04/27/26 09:17:47 AM	
228	880	27	1	04/27/26 09:17:48 AM	
229	880	25	1	04/27/26 09:17:50 AM	
230	880	39	1	04/27/26 09:17:51 AM	
231	880	31	1	04/27/26 09:17:52 AM	
232	880	35	1	04/27/26 09:17:53 AM	
233	880	33	1	04/27/26 09:17:54 AM	
234	880	55	1	04/27/26 09:17:55 AM	
235	880	26	1	04/27/26 09:17:57 AM	
236	880	36	1	04/27/26 09:17:58 AM	
237	880	44	1	04/27/26 09:17:59 AM	
238	880	29	1	04/27/26 09:18:00 AM	
239	880	30	1	04/27/26 09:18:01 AM	
240	880	34	1	04/27/26 09:18:02 AM	
241	880	31	1	04/27/26 09:18:04 AM	
242	880	34	1	04/27/26 09:18:05 AM	
243	880	26	1	04/27/26 09:18:06 AM	
244	880	26	1	04/27/26 09:18:07 AM	
245	880	39	1	04/27/26 09:18:08 AM	
246	880	31	1	04/27/26 09:18:10 AM	
247	880	44	1	04/27/26 09:18:11 AM	
248	880	33	1	04/27/26 09:18:12 AM	
249	880	28	1	04/27/26 09:18:13 AM	
250	880	40	1	04/27/26 09:18:14 AM	
251	880	35	1	04/27/26 09:18:15 AM	
252	880	39	1	04/27/26 09:18:17 AM	
253	880	29	1	04/27/26 09:18:18 AM	
254	880	36	1	04/27/26 09:18:19 AM	
255	880	35	1	04/27/26 09:18:20 AM	
256	880	34	1	04/27/26 09:18:21 AM	
257	880	31	1	04/27/26 09:18:23 AM	
258	880	39	1	04/27/26 09:18:24 AM	
259	880	41	1	04/27/26 09:18:25 AM	
260	880	38	1	04/27/26 09:18:26 AM	
261	880	31	1	04/27/26 09:18:27 AM	
262	880	30	1	04/27/26 09:18:29 AM	
263	880	36	1	04/27/26 09:18:30 AM	
264	880	42	1	04/27/26 09:18:31 AM	
265	880	43	1	04/27/26 09:18:32 AM	
266	880	29	1	04/27/26 09:18:33 AM	
267	880	36	1	04/27/26 09:18:35 AM	
268	880	35	1	04/27/26 09:18:36 AM	
269	880	30	1	04/27/26 09:18:37 AM	
270	880	34	1	04/27/26 09:18:38 AM	
271	880	36	1	04/27/26 09:18:39 AM	
272	880	30	1	04/27/26 09:18:41 AM	
273	880	36	1	04/27/26 09:18:42 AM	
274	880	35	1	04/27/26 09:18:43 AM	
275	880	34	1	04/27/26 09:18:44 AM	
276	880	36	1	04/27/26 09:18:45 AM	
277	880	39	1	04/27/26 09:18:46 AM	
278	880	39	1	04/27/26 09:18:48 AM	
279	880	40	1	04/27/26 09:18:49 AM	
280	880	42	1	04/27/26 09:18:50 AM	
281	880	34	1	04/27/26 09:18:51 AM	
282	880	48	1	04/27/26 09:18:52 AM	
283	880	43	1	04/27/26 09:18:54 AM	
284	880	39	1	04/27/26 09:18:55 AM	
285	880	35	1	04/27/26 09:18:56 AM	
286	880	34	1	04/27/26 09:18:57 AM	
287	880	37	1	04/27/26 09:18:58 AM	
288	880	42	1	04/27/26 09:18:59 AM	
289	880	32	1	04/27/26 09:19:01 AM	
290	880	27	1	04/27/26 09:19:02 AM	
291	880	33	1	04/27/26 09:19:03 AM	
292	880	37	1	04/27/26 09:19:04 AM	
293	880	34	1	04/27/26 09:19:05 AM	
294	880	30	1	04/27/26 09:19:07 AM	
295	880	42	1	04/27/26 09:19:08 AM	
296	880	35	1	04/27/26 09:19:09 AM	
297	880	33	1	04/27/26 09:19:10 AM	
298	880	38	1	04/27/26 09:19:11 AM	
299	880	48	1	04/27/26 09:19:13 AM	
300	880	39	1	04/27/26 09:19:14 AM	
301	880	32	1	04/27/26 09:19:15 AM	
302	880	43	1	04/27/26 09:19:16 AM	
303	880	34	1	04/27/26 09:19:17 AM	
304	880	28	1	04/27/26 09:19:18 AM	
305	880	32	1	04/27/26 09:19:20 AM	
306	880	36	1	04/27/26 09:19:21 AM	
307	880	31	1	04/27/26 09:19:22 AM	
308	880	20	1	04/27/26 09:19:23 AM	
309	880	31	1	04/27/26 09:19:24 AM	
310	880	43	1	04/27/26 09:19:25 AM	
311	880	22	1	04/27/26 09:19:27 AM	
312	880	37	1	04/27/26 09:19:28 AM	
313	880	40	1	04/27/26 09:19:29 AM	
314	880	29	1	04/27/26 09:19:30 AM	
315	880	47	1	04/27/26 09:19:31 AM	
316	880	32	1	04/27/26 09:19:33 AM	
317	880	29	1	04/27/26 09:19:34 AM	
318	880	35	1	04/27/26 09:19:35 AM	
319	880	37	1	04/27/26 09:19:36 AM	
320	880	38	1	04/27/26 09:19:37 AM	
321	880	35	1	04/27/26 09:19:39 AM	
322	880	31	1	04/27/26 09:19:40 AM	
323	880	40	1	04/27/26 09:19:41 AM	
324	880	27	1	04/27/26 09:19:42 AM	
325	880	30	1	04/27/26 09:19:43 AM	
326	880	35	1	04/27/26 09:19:44 AM	
327	880	32	1	04/27/26 09:19:46 AM	
328	880	31	1	04/27/26 09:19:47 AM	
329	880	32	1	04/27/26 09:19:48 AM	
330	880	37	1	04/27/26 09:19:49 AM	
331	880	39	1	04/27/26 09:19:50 AM	
332	880	32	1	04/27/26 09:19:51 AM	
333	880	36	1	04/27/26 09:19:53 AM	
334	880	36	1	04/27/26 09:19:54 AM	
335	880	35	1	04/27/26 09:19:55 AM	
336	880	41	1	04/27/26 09:19:56 AM	
337	880	45	1	04/27/26 09:19:57 AM	
338	880	37	1	04/27/26 09:19:59 AM	
339	880	37	1	04/27/26 09:20:00 AM	
340	880	28	1	04/27/26 09:20:01 AM	
341	880	41	1	04/27/26 09:20:02 AM	
342	880	36	1	04/27/26 09:20:03 AM	
343	880	26	1	04/27/26 09:20:05 AM	
344	880	29	1	04/27/26 09:20:06 AM	
345	880	34	1	04/27/26 09:20:07 AM	
346	880	33	1	04/27/26 09:20:08 AM	
347	880	45	1	04/27/26 09:20:09 AM	
348	880	36	1	04/27/26 09:20:10 AM	
349	880	31	1	04/27/26 09:20:12 AM	
350	880	30	1	04/27/26 09:20:13 AM	
351	880	38	1	04/27/26 09:20:14 AM	
352	880	42	1	04/27/26 09:20:15 AM	
353	880	28	1	04/27/26 09:20:16 AM	
354	880	31	1	04/27/26 09:20:18 AM	
355	880	36	1	04/27/26 09:20:19 AM	
356	880	28	1	04/27/26 09:20:20 AM	
357	880	34	1	04/27/26 09:20:21 AM	
358	880	32	1	04/27/26 09:20:22 AM	
359	880	36	1	04/27/26 09:20:24 AM	
360	880	36	1	04/27/26 09:20:25 AM	
361	880	29	1	04/27/26 09:20:26 AM	
362	880	34	1	04/27/26 09:20:27 AM	
363	880	31	1	04/27/26 09:20:28 AM	
364	880	34	1	04/27/26 09:20:29 AM	
365	880	33	1	04/27/26 09:20:31 AM	
366	880	31	1	04/27/26 09:20:32 AM	
367	880	33	1	04/27/26 09:20:33 AM	
368	880	44	1	04/27/26 09:20:34 AM	
369	880	40	1	04/27/26 09:20:35 AM	
370	880	29	1	04/27/26 09:20:36 AM	
371	880	37	1	04/27/26 09:20:38 AM	
372	880	36	1	04/27/26 09:20:39 AM	
373	880	35	1	04/27/26 09:20:40 AM	
374	880	33	1	04/27/26 09:20:41 AM	
375	880	34	1	04/27/26 09:20:42 AM	
376	880	36	1	04/27/26 09:20:44 AM	
377	880	40	1	04/27/26 09:20:45 AM	
378	880	26	1	04/27/26 09:20:46 AM	
379	880	40	1	04/27/26 09:20:47 AM	
380	880	36	1	04/27/26 09:20:48 AM	
381	880	38	1	04/27/26 09:20:49 AM	
382	880	35	1	04/27/26 09:20:51 AM	
383	880	35	1	04/27/26 09:20:52 AM	
384	880	37	1	04/27/26 09:20:53 AM	
385	880	30	1	04/27/26 09:20:54 AM	
386	880	36	1	04/27/26 09:20:55 AM	
387	880	44	1	04/27/26 09:20:56 AM	
388	880	42	1	04/27/26 09:20:57 AM	
389	880	34	1	04/27/26 09:20:58 AM	
390	880	38	1	04/27/26 09:21:00 AM	
391	880	26	1	04/27/26 09:21:01 AM	
392	880	36	1	04/27/26 09:21:02 AM	
393	880	32	1	04/27/26 09:21:03 AM	
394	880	42	1	04/27/26 09:21:04 AM	
395	880	33	1	04/27/26 09:21:06 AM	
396	880	41	1	04/27/26 09:21:07 AM	
397	880	33	1	04/27/26 09:21:08 AM	
398	880	35	1	04/27/26 09:21:09 AM	
399	880	35	1	04/27/26 09:21:10 AM	
400	880	34	1	04/27/26 09:21:11 AM	
401	880	37	1	04/27/26 09:21:13 AM	
402	880	41	1	04/27/26 09:21:14 AM	
403	880	29	1	04/27/26 09:21:15 AM	
404	880	40	1	04/27/26 09:21:16 AM	
405	880	39	1	04/27/26 09:21:17 AM	
406	880	46	1	04/27/26 09:21:18 AM	
407	880	49	1	04/27/26 09:21:20 AM	
408	880	34	1	04/27/26 09:21:21 AM	
409	880	29	1	04/27/26 09:21:22 AM	
410	880	26	1	04/27/26 09:21:23 AM	
411	880	40	1	04/27/26 09:21:24 AM	
412	880	29	1	04/27/26 09:21:26 AM	
413	880	28	1	04/27/26 09:21:27 AM	
414	880	41	1	04/27/26 09:21:28 AM	
415	880	37	1	04/27/26 09:21:29 AM	
416	880	41	1	04/27/26 09:21:30 AM	
417	880	35	1	04/27/26 09:21:31 AM	
418	880	42	1	04/27/26 09:21:33 AM	
419	880	25	1	04/27/26 09:21:34 AM	
420	880	39	1	04/27/26 09:21:35 AM	
421	880	40	1	04/27/26 09:21:36 AM	
422	880	39	1	04/27/26 09:21:37 AM	
423	880	34	1	04/27/26 09:21:39 AM	
424	880	37	1	04/27/26 09:21:40 AM	
425	880	30	1	04/27/26 09:21:41 AM	
426	880	33	1	04/27/26 09:21:42 AM	
427	880	34	1	04/27/26 09:21:43 AM	
428	880	40	1	04/27/26 09:21:44 AM	
429	880	29	1	04/27/26 09:21:46 AM	
430	880	38	1	04/27/26 09:21:47 AM	
431	880	40	1	04/27/26 09:21:48 AM	
432	880	24	1	04/27/26 09:21:49 AM	
433	880	35	1	04/27/26 09:21:50 AM	
434	880	38	1	04/27/26 09:21:51 AM	
435	880	35	1	04/27/26 09:21:53 AM	
436	880	32	1	04/27/26 09:21:54 AM	
437	880	41	1	04/27/26 09:21:55 AM	
438	880	27	1	04/27/26 09:21:56 AM	
439	880	34	1	04/27/26 09:21:57 AM	
440	880	37	1	04/27/26 09:21:58 AM	
441	880	48	1	04/27/26 09:22:00 AM	
442	880	33	1	04/27/26 09:22:01 AM	
443	880	41	1	04/27/26 09:22:02 AM	
444	880	40	1	04/27/26 09:22:03 AM	
445	880	31	1	04/27/26 09:22:04 AM	
446	880	39	1	04/27/26 09:22:06 AM	
447	880	36	1	04/27/26 09:22:07 AM	
448	880	38	1	04/27/26 09:22:08 AM	
449	880	30	1	04/27/26 09:22:09 AM	
450	880	33	1	04/27/26 09:22:10 AM	
451	880	33	1	04/27/26 09:22:11 AM	
452	880	35	1	04/27/26 09:22:13 AM	
453	880	35	1	04/27/26 09:22:14 AM	
454	880	36	1	04/27/26 09:22:15 AM	
455	880	32	1	04/27/26 09:22:16 AM	
456	880	34	1	04/27/26 09:22:17 AM	
457	880	29	1	04/27/26 09:22:19 AM	
458	880	37	1	04/27/26 09:22:20 AM	
459	880	40	1	04/27/26 09:22:21 AM	
460	880	34	1	04/27/26 09:22:22 AM	
461	880	38	1	04/27/26 09:22:23 AM	
462	880	29	1	04/27/26 09:22:25 AM	
463	880	35	1	04/27/26 09:22:26 AM	
464	880	34	1	04/27/26 09:22:27 AM	
465	880	39	1	04/27/26 09:22:28 AM	
466	880	35	1	04/27/26 09:22:29 AM	
467	880	40	1	04/27/26 09:22:30 AM	
468	880	33	1	04/27/26 09:22:32 AM	
469	880	38	1	04/27/26 09:22:33 AM	
470	880	28	1	04/27/26 09:22:34 AM	
471	880	43	1	04/27/26 09:22:35 AM	
472	880	31	1	04/27/26 09:22:36 AM	
473	880	28	1	04/27/26 09:22:37 AM	
474	880	35	1	04/27/26 09:22:39 AM	
475	880	41	1	04/27/26 09:22:40 AM	
476	880	28	1	04/27/26 09:22:41 AM	
477	880	31	1	04/27/26 09:22:42 AM	
478	880	34	1	04/27/26 09:22:43 AM	
479	880	32	1	04/27/26 09:22:45 AM	
480	880	41	1	04/27/26 09:22:46 AM	
481	880	35	1	04/27/26 09:22:47 AM	
482	880	32	1	04/27/26 09:22:48 AM	
483	880	28	1	04/27/26 09:22:49 AM	
484	880	49	1	04/27/26 09:22:51 AM	
485	880	31	1	04/27/26 09:22:52 AM	
486	880	31	1	04/27/26 09:22:53 AM	
487	880	32	1	04/27/26 09:22:54 AM	
488	880	31	1	04/27/26 09:22:55 AM	
489	880	32	1	04/27/26 09:22:56 AM	
490	880	37	1	04/27/26 09:22:58 AM	
491	880	36	1	04/27/26 09:22:59 AM	
492	880	36	1	04/27/26 09:23:00 AM	
493	880	29	1	04/27/26 09:23:01 AM	
494	880	36	1	04/27/26 09:23:02 AM	
495	880	37	1	04/27/26 09:23:03 AM	
496	880	37	1	04/27/26 09:23:05 AM	
497	880	37	1	04/27/26 09:23:06 AM	
498	880	21	1	04/27/26 09:23:07 AM	
499	880	38	1	04/27/26 09:23:08 AM	
500	880	30	1	04/27/26 09:23:09 AM	
501	880	31	1	04/27/26 09:23:10 AM	
502	880	29	1	04/27/26 09:23:12 AM	
503	880	41	1	04/27/26 09:23:13 AM	
504	880	28	1	04/27/26 09:23:14 AM	
505	880	38	1	04/27/26 09:23:15 AM	
506	880	30	1	04/27/26 09:23:16 AM	
507	880	33	1	04/27/26 09:23:17 AM	
508	880	41	1	04/27/26 09:23:19 AM	
509	880	28	1	04/27/26 09:23:20 AM	
510	880	35	1	04/27/26 09:23:21 AM	
511	880	27	1	04/27/26 09:23:22 AM	
512	880	36	1	04/27/26 09:23:23 AM	
513	880	31	1	04/27/26 09:23:24 AM	
514	880	28	1	04/27/26 09:23:25 AM	
515	880	42	1	04/27/26 09:23:27 AM	
516	880	33	1	04/27/26 09:23:28 AM	
517	880	46	1	04/27/26 09:23:29 AM	
518	880	28	1	04/27/26 09:23:30 AM	
519	880	30	1	04/27/26 09:23:31 AM	
520	880	27	1	04/27/26 09:23:33 AM	
521	880	32	1	04/27/26 09:23:34 AM	
522	880	29	1	04/27/26 09:23:35 AM	
523	880	31	1	04/27/26 09:23:36 AM	
524	880	37	1	04/27/26 09:23:37 AM	
525	880	30	1	04/27/26 09:23:38 AM	
526	880	38	1	04/27/26 09:23:40 AM	
527	880	30	1	04/27/26 09:23:41 AM	
528	880	39	1	04/27/26 09:23:42 AM	
529	880	34	1	04/27/26 09:23:43 AM	
530	880	25	1	04/27/26 09:23:44 AM	
531	880	42	1	04/27/26 09:23:45 AM	
532	880	39	1	04/27/26 09:23:47 AM	
533	880	28	1	04/27/26 09:23:48 AM	
534	880	47	1	04/27/26 09:23:49 AM	
535	880	23	1	04/27/26 09:23:50 AM	
536	880	37	1	04/27/26 09:23:51 AM	
537	880	28	1	04/27/26 09:23:53 AM	
538	880	40	1	04/27/26 09:23:54 AM	
539	880	31	1	04/27/26 09:23:55 AM	
540	880	31	1	04/27/26 09:23:56 AM	
541	880	33	1	04/27/26 09:23:57 AM	
542	880	28	1	04/27/26 09:23:58 AM	
543	880	27	1	04/27/26 09:24:00 AM	
544	880	37	1	04/27/26 09:24:01 AM	
545	880	34	1	04/27/26 09:24:02 AM	
546	880	36	1	04/27/26 09:24:03 AM	
547	880	39	1	04/27/26 09:24:04 AM	
548	880	28	1	04/27/26 09:24:06 AM	
549	880	42	1	04/27/26 09:24:07 AM	
550	880	28	1	04/27/26 09:24:08 AM	
551	880	36	1	04/27/26 09:24:09 AM	
552	880	35	1	04/27/26 09:24:10 AM	
553	880	33	1	04/27/26 09:24:11 AM	
554	880	39	1	04/27/26 09:24:13 AM	
555	880	32	1	04/27/26 09:24:14 AM	
556	880	41	1	04/27/26 09:24:15 AM	
557	880	46	1	04/27/26 09:24:16 AM	
558	880	35	1	04/27/26 09:24:17 AM	
559	880	41	1	04/27/26 09:24:18 AM	
560	880	29	1	04/27/26 09:24:20 AM	
561	880	32	1	04/27/26 09:24:21 AM	
562	880	28	1	04/27/26 09:24:22 AM	
563	880	33	1	04/27/26 09:24:23 AM	
564	880	42	1	04/27/26 09:24:24 AM	
565	880	41	1	04/27/26 09:24:25 AM	
566	880	37	1	04/27/26 09:24:27 AM	
567	880	35	1	04/27/26 09:24:28 AM	
568	880	26	1	04/27/26 09:24:29 AM	
569	880	39	1	04/27/26 09:24:30 AM	
570	880	36	1	04/27/26 09:24:31 AM	
571	880	40	1	04/27/26 09:24:32 AM	
572	880	37	1	04/27/26 09:24:34 AM	
573	880	24	1	04/27/26 09:24:35 AM	
574	880	33	1	04/27/26 09:24:36 AM	
575	880	35	1	04/27/26 09:24:37 AM	
576	880	33	1	04/27/26 09:24:38 AM	
577	880	23	1	04/27/26 09:24:40 AM	
578	880	34	1	04/27/26 09:24:41 AM	
579	880	33	1	04/27/26 09:24:42 AM	
580	880	32	1	04/27/26 09:24:43 AM	
581	880	29	1	04/27/26 09:24:44 AM	
582	880	33	1	04/27/26 09:24:45 AM	
583	880	37	1	04/27/26 09:24:47 AM	
584	880	29	1	04/27/26 09:24:48 AM	
585	880	32	1	04/27/26 09:24:49 AM	
586	880	31	1	04/27/26 09:24:50 AM	
587	880	29	1	04/27/26 09:24:51 AM	
588	880	31	1	04/27/26 09:24:52 AM	
589	880	55	1	04/27/26 09:24:54 AM	
590	880	36	1	04/27/26 09:24:55 AM	
591	880	32	1	04/27/26 09:24:56 AM	
592	880	27	1	04/27/26 09:24:57 AM	
593	880	34	1	04/27/26 09:24:58 AM	
594	880	39	1	04/27/26 09:25:00 AM	
595	880	38	1	04/27/26 09:25:01 AM	
596	880	24	1	04/27/26 09:25:02 AM	
597	880	34	1	04/27/26 09:25:03 AM	
598	880	24	1	04/27/26 09:25:04 AM	
599	880	32	1	04/27/26 09:25:05 AM	
600	880	30	1	04/27/26 09:25:07 AM	
601	880	30	1	04/27/26 09:25:08 AM	
602	880	30	1	04/27/26 09:25:09 AM	
603	880	31	1	04/27/26 09:25:10 AM	
604	880	31	1	04/27/26 09:25:11 AM	
605	880	26	1	04/27/26 09:25:12 AM	
606	880	40	1	04/27/26 09:25:14 AM	
607	880	36	1	04/27/26 09:25:15 AM	
608	880	33	1	04/27/26 09:25:16 AM	
609	880	30	1	04/27/26 09:25:17 AM	
610	880	46	1	04/27/26 09:25:18 AM	
611	880	36	1	04/27/26 09:25:19 AM	
612	880	23	1	04/27/26 09:25:21 AM	
613	880	40	1	04/27/26 09:25:22 AM	
614	880	38	1	04/27/26 09:25:23 AM	
615	880	32	1	04/27/26 09:25:24 AM	
616	880	33	1	04/27/26 09:25:26 AM	
617	880	32	1	04/27/26 09:25:27 AM	
618	880	36	1	04/27/26 09:25:28 AM	
619	880	35	1	04/27/26 09:25:29 AM	
620	880	37	1	04/27/26 09:25:30 AM	
621	880	34	1	04/27/26 09:25:31 AM	
622	880	24	1	04/27/26 09:25:33 AM	
623	880	27	1	04/27/26 09:25:34 AM	
624	880	26	1	04/27/26 09:25:35 AM	
625	880	35	1	04/27/26 09:25:36 AM	
626	880	32	1	04/27/26 09:25:37 AM	
627	880	27	1	04/27/26 09:25:38 AM	
628	880	31	1	04/27/26 09:25:40 AM	
629	880	33	1	04/27/26 09:25:41 AM	
630	880	34	1	04/27/26 09:25:42 AM	
631	880	43	1	04/27/26 09:25:43 AM	
632	880	30	1	04/27/26 09:25:44 AM	
633	880	43	1	04/27/26 09:25:45 AM	
634	880	31	1	04/27/26 09:25:47 AM	
635	880	33	1	04/27/26 09:25:48 AM	
636	880	30	1	04/27/26 09:25:49 AM	
637	880	37	1	04/27/26 09:25:50 AM	
638	880	38	1	04/27/26 09:25:51 AM	
639	880	39	1	04/27/26 09:25:53 AM	
640	880	28	1	04/27/26 09:25:54 AM	
641	880	34	1	04/27/26 09:25:55 AM	
642	880	42	1	04/27/26 09:25:56 AM	
643	880	39	1	04/27/26 09:25:57 AM	
644	880	31	1	04/27/26 09:25:58 AM	
645	880	32	1	04/27/26 09:26:00 AM	
646	880	40	1	04/27/26 09:26:01 AM	
647	880	37	1	04/27/26 09:26:02 AM	
648	880	39	1	04/27/26 09:26:03 AM	
649	880	39	1	04/27/26 09:26:04 AM	
650	880	32	1	04/27/26 09:26:05 AM	
651	880	29	1	04/27/26 09:26:07 AM	
652	880	38	1	04/27/26 09:26:08 AM	
653	880	36	1	04/27/26 09:26:09 AM	
654	880	37	1	04/27/26 09:26:10 AM	
655	880	35	1	04/27/26 09:26:11 AM	
656	880	36	1	04/27/26 09:26:13 AM	
657	880	35	1	04/27/26 09:26:14 AM	
658	880	31	1	04/27/26 09:26:15 AM	
659	880	36	1	04/27/26 09:26:16 AM	
660	880	41	1	04/27/26 09:26:17 AM	
661	880	38	1	04/27/26 09:26:18 AM	
662	880	32	1	04/27/26 09:26:20 AM	
663	880	29	1	04/27/26 09:26:21 AM	
664	880	14	1	04/27/26 09:26:22 AM	
665	880	30	1	04/27/26 09:26:23 AM	
666	880	26	1	04/27/26 09:26:24 AM	
667	880	46	1	04/27/26 09:26:25 AM	
668	880	30	1	04/27/26 09:26:27 AM	
669	880	29	1	04/27/26 09:26:28 AM	
670	880	43	1	04/27/26 09:26:29 AM	
671	880	41	1	04/27/26 09:26:30 AM	
672	880	33	1	04/27/26 09:26:31 AM	
673	880	25	1	04/27/26 09:26:32 AM	
674	880	27	1	04/27/26 09:26:34 AM	
675	880	38	1	04/27/26 09:26:35 AM	
676	880	26	1	04/27/26 09:26:36 AM	
677	880	41	1	04/27/26 09:26:37 AM	
678	880	39	1	04/27/26 09:26:38 AM	
679	880	31	1	04/27/26 09:26:40 AM	
680	880	28	1	04/27/26 09:26:41 AM	
681	880	30	1	04/27/26 09:26:42 AM	
682	880	30	1	04/27/26 09:26:43 AM	
683	880	36	1	04/27/26 09:26:44 AM	
684	880	31	1	04/27/26 09:26:45 AM	
685	880	40	1	04/27/26 09:26:47 AM	
686	880	25	1	04/27/26 09:26:48 AM	
687	880	37	1	04/27/26 09:26:49 AM	
688	880	33	1	04/27/26 09:26:50 AM	
689	880	32	1	04/27/26 09:26:51 AM	
690	880	30	1	04/27/26 09:26:52 AM	
691	880	36	1	04/27/26 09:26:54 AM	
692	880	28	1	04/27/26 09:26:55 AM	
693	880	26	1	04/27/26 09:26:56 AM	
694	880	28	1	04/27/26 09:26:57 AM	
695	880	30	1	04/27/26 09:26:58 AM	
696	880	29	1	04/27/26 09:27:00 AM	
697	880	25	1	04/27/26 09:27:01 AM	
698	880	20	1	04/27/26 09:27:02 AM	
699	880	29	1	04/27/26 09:27:03 AM	
700	880	41	1	04/27/26 09:27:04 AM	
701	880	30	1	04/27/26 09:27:05 AM	
702	880	28	1	04/27/26 09:27:06 AM	
703	880	38	1	04/27/26 09:27:08 AM	
704	880	35	1	04/27/26 09:27:09 AM	
705	880	44	1	04/27/26 09:27:10 AM	
706	880	36	1	04/27/26 09:27:11 AM	
707	880	33	1	04/27/26 09:27:12 AM	
708	880	35	1	04/27/26 09:27:14 AM	
709	880	32	1	04/27/26 09:27:15 AM	
710	880	42	1	04/27/26 09:27:16 AM	
711	880	39	1	04/27/26 09:27:17 AM	
712	880	37	1	04/27/26 09:27:18 AM	
713	880	37	1	04/27/26 09:27:19 AM	
714	880	20	1	04/27/26 09:27:21 AM	
715	880	37	1	04/27/26 09:27:22 AM	
716	880	39	1	04/27/26 09:27:23 AM	
717	880	40	1	04/27/26 09:27:24 AM	
718	880	31	1	04/27/26 09:27:25 AM	
719	880	41	1	04/27/26 09:27:26 AM	
720	880	38	1	04/27/26 09:27:28 AM	
721	880	34	1	04/27/26 09:27:29 AM	
722	880	44	1	04/27/26 09:27:30 AM	
723	880	29	1	04/27/26 09:27:31 AM	
724	880	22	1	04/27/26 09:27:32 AM	
725	880	44	1	04/27/26 09:27:34 AM	
726	880	36	1	04/27/26 09:27:35 AM	
727	880	28	1	04/27/26 09:27:36 AM	
728	880	33	1	04/27/26 09:27:37 AM	
729	880	34	1	04/27/26 09:27:38 AM	
730	880	34	1	04/27/26 09:27:39 AM	
731	880	38	1	04/27/26 09:27:41 AM	
732	880	25	1	04/27/26 09:27:42 AM	
733	880	32	1	04/27/26 09:27:43 AM	
734	880	27	1	04/27/26 09:27:44 AM	
735	880	23	1	04/27/26 09:27:45 AM	
736	880	38	1	04/27/26 09:27:47 AM	
737	880	44	1	04/27/26 09:27:48 AM	
738	880	30	1	04/27/26 09:27:49 AM	
739	880	32	1	04/27/26 09:27:50 AM	
740	880	42	1	04/27/26 09:27:51 AM	
741	880	21	1	04/27/26 09:27:52 AM	
742	880	31	1	04/27/26 09:27:54 AM	
743	880	35	1	04/27/26 09:27:55 AM	
744	880	36	1	04/27/26 09:27:56 AM	
745	880	30	1	04/27/26 09:27:57 AM	
746	880	34	1	04/27/26 09:27:58 AM	
747	880	27	1	04/27/26 09:27:59 AM	
748	880	47	1	04/27/26 09:28:01 AM	
749	880	34	1	04/27/26 09:28:02 AM	
750	880	30	1	04/27/26 09:28:03 AM	
